"OCCP_H","pct_couples","Husband_Occ_Rank","Husband_Occ","OCCP_W","Wife_Occ"
20,0.0246171408525508,4,"General and operations managers",0,"Base_Rate"
1020,0.0148153517128836,11,"Software developers",0,"Base_Rate"
4700,0.0105969575346767,19,"Retail sales supervisors",0,"Base_Rate"
4720,0.0152613958512764,10,"Cashiers",0,"Base_Rate"
4760,0.0369939956185053,2,"Retail salespersons",0,"Base_Rate"
5240,0.0143605755252595,13,"Customer service representatives",0,"Base_Rate"
5620,0.0196810549672276,8,"Stock clerks and order fillers",0,"Base_Rate"
7200,0.00996218875273067,20,"Automotive service technicians and mechanics",0,"Base_Rate"
7340,0.020169687698394,6,"General maintenance and repair workers",0,"Base_Rate"
9130,0.043959900952662,1,"Truck drivers",0,"Base_Rate"
9620,0.0324911534704174,3,"Laborers and hand movers",0,"Base_Rate"
4700,0.0209464701318852,19,"Retail sales supervisors",10,"Chief executives and legislators"
1020,0.0147401086113266,11,"Software developers",10,"Chief executives and legislators"
20,0.0162916989914663,4,"General and operations managers",10,"Chief executives and legislators"
9130,0.0224980605120248,1,"Truck drivers",10,"Chief executives and legislators"
4760,0.0116369278510473,2,"Retail salespersons",10,"Chief executives and legislators"
4700,0.0440386680988185,19,"Retail sales supervisors",20,"General and operations managers"
20,0.046186895810956,4,"General and operations managers",20,"General and operations managers"
7340,0.0128893662728249,6,"General maintenance and repair workers",20,"General and operations managers"
9130,0.0290010741138561,1,"Truck drivers",20,"General and operations managers"
9620,0.0128893662728249,3,"Laborers and hand movers",20,"General and operations managers"
4760,0.0139634801288937,2,"Retail salespersons",20,"General and operations managers"
4700,0.0244215938303342,19,"Retail sales supervisors",50,"Marketing and sales managers"
1020,0.0224935732647815,11,"Software developers",50,"Marketing and sales managers"
20,0.0295629820051414,4,"General and operations managers",50,"Marketing and sales managers"
5240,0.0102827763496144,13,"Customer service representatives",50,"Marketing and sales managers"
9130,0.0205655526992288,1,"Truck drivers",50,"Marketing and sales managers"
4760,0.0122107969151671,2,"Retail salespersons",50,"Marketing and sales managers"
9620,0.0070694087403599,3,"Laborers and hand movers",50,"Marketing and sales managers"
1020,0.0426098535286285,11,"Software developers",110,"Computer and information systems managers"
4700,0.018641810918775,19,"Retail sales supervisors",110,"Computer and information systems managers"
20,0.0173102529960053,4,"General and operations managers",110,"Computer and information systems managers"
9130,0.0213049267643142,1,"Truck drivers",110,"Computer and information systems managers"
4700,0.0240919199406968,19,"Retail sales supervisors",120,"Financial managers"
1020,0.0129725722757598,11,"Software developers",120,"Financial managers"
5240,0.0114899925871016,13,"Customer service representatives",120,"Financial managers"
7200,0.00704225352112676,20,"Automotive service technicians and mechanics",120,"Financial managers"
9130,0.0363232023721275,1,"Truck drivers",120,"Financial managers"
20,0.0129725722757598,4,"General and operations managers",120,"Financial managers"
7340,0.00815418828762046,6,"General maintenance and repair workers",120,"Financial managers"
5620,0.00481838398813936,8,"Stock clerks and order fillers",120,"Financial managers"
4760,0.0166790214974055,2,"Retail salespersons",120,"Financial managers"
9620,0.0114899925871016,3,"Laborers and hand movers",120,"Financial managers"
4700,0.0318949343339587,19,"Retail sales supervisors",136,"Human resources managers"
7200,0.0121951219512195,20,"Automotive service technicians and mechanics",136,"Human resources managers"
1020,0.0159474671669794,11,"Software developers",136,"Human resources managers"
5240,0.0112570356472795,13,"Customer service representatives",136,"Human resources managers"
20,0.0168855534709193,4,"General and operations managers",136,"Human resources managers"
9130,0.0300187617260788,1,"Truck drivers",136,"Human resources managers"
4760,0.0121951219512195,2,"Retail salespersons",136,"Human resources managers"
9130,0.0407124681933842,1,"Truck drivers",150,"Purchasing managers"
9130,0.0855263157894737,1,"Truck drivers",160,"Transportation, storage, and distribution managers"
4700,0.0203755493407911,19,"Retail sales supervisors",230,"Education administrators"
1020,0.0147822612864563,11,"Software developers",230,"Education administrators"
5240,0.00759089093088294,13,"Customer service representatives",230,"Education administrators"
20,0.0135836995605274,4,"General and operations managers",230,"Education administrators"
7340,0.0055932880543348,6,"General maintenance and repair workers",230,"Education administrators"
9130,0.0227726727926488,1,"Truck drivers",230,"Education administrators"
4760,0.00998801438274071,2,"Retail salespersons",230,"Education administrators"
9130,0.0502369668246445,1,"Truck drivers",310,"Food service managers"
4700,0.014218009478673,19,"Retail sales supervisors",310,"Food service managers"
20,0.0218009478672986,4,"General and operations managers",310,"Food service managers"
4760,0.0199052132701422,2,"Retail salespersons",310,"Food service managers"
9620,0.014218009478673,3,"Laborers and hand movers",310,"Food service managers"
4700,0.0187057633973711,19,"Retail sales supervisors",350,"Medical and health services managers"
1020,0.0151668351870576,11,"Software developers",350,"Medical and health services managers"
7200,0.00758341759352882,20,"Automotive service technicians and mechanics",350,"Medical and health services managers"
5240,0.00556117290192113,13,"Customer service representatives",350,"Medical and health services managers"
9130,0.0328614762386249,1,"Truck drivers",350,"Medical and health services managers"
7340,0.00808897876643074,6,"General maintenance and repair workers",350,"Medical and health services managers"
20,0.0116279069767442,4,"General and operations managers",350,"Medical and health services managers"
4760,0.0161779575328615,2,"Retail salespersons",350,"Medical and health services managers"
9620,0.00657229524772497,3,"Laborers and hand movers",350,"Medical and health services managers"
4700,0.0210656753407683,19,"Retail sales supervisors",410,"Property, real estate, and community association managers"
1020,0.0198265179677819,11,"Software developers",410,"Property, real estate, and community association managers"
9130,0.0433705080545229,1,"Truck drivers",410,"Property, real estate, and community association managers"
7340,0.0148698884758364,6,"General maintenance and repair workers",410,"Property, real estate, and community association managers"
20,0.0136307311028501,4,"General and operations managers",410,"Property, real estate, and community association managers"
4760,0.0161090458488228,2,"Retail salespersons",410,"Property, real estate, and community association managers"
4700,0.0149253731343284,19,"Retail sales supervisors",420,"Social and community service managers"
20,0.0137772675086108,4,"General and operations managers",420,"Social and community service managers"
9130,0.0309988518943743,1,"Truck drivers",420,"Social and community service managers"
4760,0.0195177956371986,2,"Retail salespersons",420,"Social and community service managers"
4700,0.0194519621109608,19,"Retail sales supervisors",430,"Miscellaneous managers"
1020,0.0164073071718539,11,"Software developers",430,"Miscellaneous managers"
7200,0.00828822733423545,20,"Automotive service technicians and mechanics",430,"Miscellaneous managers"
5240,0.0091339648173207,13,"Customer service representatives",430,"Miscellaneous managers"
20,0.0128552097428958,4,"General and operations managers",430,"Miscellaneous managers"
4720,0.00186062246278755,10,"Cashiers",430,"Miscellaneous managers"
7340,0.0060893098782138,6,"General maintenance and repair workers",430,"Miscellaneous managers"
5620,0.00355209742895805,8,"Stock clerks and order fillers",430,"Miscellaneous managers"
9130,0.0245263870094723,1,"Truck drivers",430,"Miscellaneous managers"
9620,0.0081190798376184,3,"Laborers and hand movers",430,"Miscellaneous managers"
4760,0.0118403247631935,2,"Retail salespersons",430,"Miscellaneous managers"
4700,0.0727272727272727,19,"Retail sales supervisors",520,"Wholesale and retail buyers"
9130,0.0509090909090909,1,"Truck drivers",520,"Wholesale and retail buyers"
4760,0.04,2,"Retail salespersons",520,"Wholesale and retail buyers"
4700,0.0210016155088853,19,"Retail sales supervisors",530,"Purchasing agents"
9130,0.0452342487883683,1,"Truck drivers",530,"Purchasing agents"
4700,0.0256,19,"Retail sales supervisors",540,"Claims adjusters"
9130,0.032,1,"Truck drivers",540,"Claims adjusters"
4760,0.0176,2,"Retail salespersons",540,"Claims adjusters"
9130,0.0381165919282511,1,"Truck drivers",565,"Compliance officers"
4700,0.0177985948477752,19,"Retail sales supervisors",630,"Human resources workers"
1020,0.0159250585480094,11,"Software developers",630,"Human resources workers"
5240,0.0135831381733021,13,"Customer service representatives",630,"Human resources workers"
7200,0.00889929742388759,20,"Automotive service technicians and mechanics",630,"Human resources workers"
20,0.0131147540983607,4,"General and operations managers",630,"Human resources workers"
7340,0.00796252927400468,6,"General maintenance and repair workers",630,"Human resources workers"
9130,0.0285714285714286,1,"Truck drivers",630,"Human resources workers"
4760,0.0140515222482436,2,"Retail salespersons",630,"Human resources workers"
9620,0.00608899297423888,3,"Laborers and hand movers",630,"Human resources workers"
1020,0.039344262295082,11,"Software developers",710,"Management analysts"
4700,0.0180327868852459,19,"Retail sales supervisors",710,"Management analysts"
4760,0.0147540983606557,2,"Retail salespersons",710,"Management analysts"
9620,0.00983606557377049,3,"Laborers and hand movers",710,"Management analysts"
9130,0.019672131147541,1,"Truck drivers",710,"Management analysts"
4700,0.0451127819548872,19,"Retail sales supervisors",725,"Event planners"
1020,0.0300157977883096,11,"Software developers",735,"Market analysts"
4700,0.023696682464455,19,"Retail sales supervisors",735,"Market analysts"
4700,0.0208667736757624,19,"Retail sales supervisors",740,"Other business operations specialists"
9130,0.0240770465489567,1,"Truck drivers",740,"Other business operations specialists"
4700,0.0242272347535505,19,"Retail sales supervisors",800,"Accountants and auditors"
1020,0.0238095238095238,11,"Software developers",800,"Accountants and auditors"
7200,0.00856307435254804,20,"Automotive service technicians and mechanics",800,"Accountants and auditors"
5240,0.00730994152046784,13,"Customer service representatives",800,"Accountants and auditors"
7340,0.00730994152046784,6,"General maintenance and repair workers",800,"Accountants and auditors"
20,0.0114870509607352,4,"General and operations managers",800,"Accountants and auditors"
5620,0.00543024227234754,8,"Stock clerks and order fillers",800,"Accountants and auditors"
9130,0.0279866332497911,1,"Truck drivers",800,"Accountants and auditors"
4760,0.0177527151211362,2,"Retail salespersons",800,"Accountants and auditors"
9620,0.0093984962406015,3,"Laborers and hand movers",800,"Accountants and auditors"
1020,0.0403225806451613,11,"Software developers",840,"Financial analysts"
9130,0.043010752688172,1,"Truck drivers",840,"Financial analysts"
9130,0.0325581395348837,1,"Truck drivers",850,"Personal financial advisors"
4700,0.0205761316872428,19,"Retail sales supervisors",910,"Credit counselors and loan officers"
9130,0.0521262002743484,1,"Truck drivers",910,"Credit counselors and loan officers"
1020,0.0403530895334174,11,"Software developers",1006,"Computer systems analysts"
4700,0.0226986128625473,19,"Retail sales supervisors",1006,"Computer systems analysts"
9130,0.0264817150063052,1,"Truck drivers",1006,"Computer systems analysts"
4760,0.0138713745271122,2,"Retail salespersons",1006,"Computer systems analysts"
1020,0.0556844547563805,11,"Software developers",1010,"Computer programmers"
1020,0.276233183856502,11,"Software developers",1020,"Software developers"
4700,0.010762331838565,19,"Retail sales supervisors",1020,"Software developers"
9130,0.0116591928251121,1,"Truck drivers",1020,"Software developers"
1020,0.0362903225806452,11,"Software developers",1050,"Computer support specialists"
4700,0.030241935483871,19,"Retail sales supervisors",1050,"Computer support specialists"
9130,0.0403225806451613,1,"Truck drivers",1050,"Computer support specialists"
1020,0.0582010582010582,11,"Software developers",1060,"Database administrators"
1020,0.0259481037924152,11,"Software developers",1107,"Other computer occupations"
9130,0.0279441117764471,1,"Truck drivers",1107,"Other computer occupations"
1020,0.0902777777777778,11,"Software developers",1430,"Industrian engineers"
1020,0.058641975308642,11,"Software developers",1530,"Miscellaneous engineers"
1020,0.0670731707317073,11,"Software developers",1610,"Biological scientists"
1020,0.0608974358974359,11,"Software developers",1650,"Other life scientists"
1020,0.0598290598290598,11,"Software developers",1760,"Other physical scientists"
1020,0.0333333333333333,11,"Software developers",1820,"Psychologists"
4700,0.0189328743545611,19,"Retail sales supervisors",2000,"Counselors"
1020,0.0126219162363741,11,"Software developers",2000,"Counselors"
5240,0.00803212851405622,13,"Customer service representatives",2000,"Counselors"
7340,0.00745840504876649,6,"General maintenance and repair workers",2000,"Counselors"
20,0.0114744693057946,4,"General and operations managers",2000,"Counselors"
9130,0.0252438324727481,1,"Truck drivers",2000,"Counselors"
4760,0.0131956397016638,2,"Retail salespersons",2000,"Counselors"
9620,0.00745840504876649,3,"Laborers and hand movers",2000,"Counselors"
4700,0.0246696035242291,19,"Retail sales supervisors",2010,"Social workers"
7200,0.00969162995594714,20,"Automotive service technicians and mechanics",2010,"Social workers"
1020,0.00969162995594714,11,"Software developers",2010,"Social workers"
5240,0.00748898678414097,13,"Customer service representatives",2010,"Social workers"
9130,0.0348017621145374,1,"Truck drivers",2010,"Social workers"
7340,0.0079295154185022,6,"General maintenance and repair workers",2010,"Social workers"
20,0.0101321585903084,4,"General and operations managers",2010,"Social workers"
9620,0.0136563876651982,3,"Laborers and hand movers",2010,"Social workers"
4760,0.0118942731277533,2,"Retail salespersons",2010,"Social workers"
9130,0.062015503875969,1,"Truck drivers",2016,"Social and human service assistants"
1020,0.0211428571428571,11,"Software developers",2100,"Layers and judges"
4700,0.0102857142857143,19,"Retail sales supervisors",2100,"Layers and judges"
5240,0.00742857142857143,13,"Customer service representatives",2100,"Layers and judges"
20,0.008,4,"General and operations managers",2100,"Layers and judges"
4760,0.00628571428571429,2,"Retail salespersons",2100,"Layers and judges"
9130,0.00742857142857143,1,"Truck drivers",2100,"Layers and judges"
4700,0.023417172593235,19,"Retail sales supervisors",2145,"Paralegals and legal assistants"
7200,0.0138768430182134,20,"Automotive service technicians and mechanics",2145,"Paralegals and legal assistants"
1020,0.0164787510841284,11,"Software developers",2145,"Paralegals and legal assistants"
9130,0.0346921075455334,1,"Truck drivers",2145,"Paralegals and legal assistants"
20,0.00954032957502168,4,"General and operations managers",2145,"Paralegals and legal assistants"
4760,0.0199479618386817,2,"Retail salespersons",2145,"Paralegals and legal assistants"
9620,0.0147441457068517,3,"Laborers and hand movers",2145,"Paralegals and legal assistants"
9130,0.0325814536340852,1,"Truck drivers",2160,"Miscellaneous legal support workers"
1020,0.0196078431372549,11,"Software developers",2200,"Postsecondary teachers"
4700,0.0113289760348584,19,"Retail sales supervisors",2200,"Postsecondary teachers"
7200,0.00479302832244009,20,"Automotive service technicians and mechanics",2200,"Postsecondary teachers"
5240,0.00522875816993464,13,"Customer service representatives",2200,"Postsecondary teachers"
20,0.0113289760348584,4,"General and operations managers",2200,"Postsecondary teachers"
7340,0.00522875816993464,6,"General maintenance and repair workers",2200,"Postsecondary teachers"
4760,0.00740740740740741,2,"Retail salespersons",2200,"Postsecondary teachers"
9130,0.0065359477124183,1,"Truck drivers",2200,"Postsecondary teachers"
4700,0.02,19,"Retail sales supervisors",2300,"Preschool and kindergarten teachers"
9130,0.0475862068965517,1,"Truck drivers",2300,"Preschool and kindergarten teachers"
1020,0.0158620689655172,11,"Software developers",2300,"Preschool and kindergarten teachers"
7200,0.00758620689655172,20,"Automotive service technicians and mechanics",2300,"Preschool and kindergarten teachers"
5240,0.0096551724137931,13,"Customer service representatives",2300,"Preschool and kindergarten teachers"
7340,0.0117241379310345,6,"General maintenance and repair workers",2300,"Preschool and kindergarten teachers"
5620,0.0103448275862069,8,"Stock clerks and order fillers",2300,"Preschool and kindergarten teachers"
9620,0.0179310344827586,3,"Laborers and hand movers",2300,"Preschool and kindergarten teachers"
4760,0.0124137931034483,2,"Retail salespersons",2300,"Preschool and kindergarten teachers"
4700,0.0222566938692925,19,"Retail sales supervisors",2310,"Elementary and middle school teachers"
1020,0.0120725703109193,11,"Software developers",2310,"Elementary and middle school teachers"
7200,0.00593511836514467,20,"Automotive service technicians and mechanics",2310,"Elementary and middle school teachers"
5240,0.00762123153706077,13,"Customer service representatives",2310,"Elementary and middle school teachers"
20,0.0115330140959061,4,"General and operations managers",2310,"Elementary and middle school teachers"
7340,0.00492345046199501,6,"General maintenance and repair workers",2310,"Elementary and middle school teachers"
5620,0.00350711539758549,8,"Stock clerks and order fillers",2310,"Elementary and middle school teachers"
4760,0.0159843528697646,2,"Retail salespersons",2310,"Elementary and middle school teachers"
9130,0.0228636946111823,1,"Truck drivers",2310,"Elementary and middle school teachers"
9620,0.00701423079517097,3,"Laborers and hand movers",2310,"Elementary and middle school teachers"
4700,0.0165669581224114,19,"Retail sales supervisors",2320,"Secondary school teachers"
1020,0.0151863782788771,11,"Software developers",2320,"Secondary school teachers"
7200,0.00736309249884952,20,"Automotive service technicians and mechanics",2320,"Secondary school teachers"
20,0.0101242521859181,4,"General and operations managers",2320,"Secondary school teachers"
7340,0.00506212609295904,6,"General maintenance and repair workers",2320,"Secondary school teachers"
9130,0.0202485043718362,1,"Truck drivers",2320,"Secondary school teachers"
4760,0.0128854118729867,2,"Retail salespersons",2320,"Secondary school teachers"
9620,0.00644270593649333,3,"Laborers and hand movers",2320,"Secondary school teachers"
4700,0.0241090146750524,19,"Retail sales supervisors",2330,"Special education teachers"
7200,0.0136268343815514,20,"Automotive service technicians and mechanics",2330,"Special education teachers"
9130,0.0230607966457023,1,"Truck drivers",2330,"Special education teachers"
4760,0.0136268343815514,2,"Retail salespersons",2330,"Special education teachers"
4700,0.025,19,"Retail sales supervisors",2340,"Other teachers and instructors"
9130,0.0284090909090909,1,"Truck drivers",2340,"Other teachers and instructors"
4760,0.0136363636363636,2,"Retail salespersons",2340,"Other teachers and instructors"
1020,0.0314685314685315,11,"Software developers",2430,"Librarians"
4700,0.0192307692307692,19,"Retail sales supervisors",2430,"Librarians"
9130,0.0262237762237762,1,"Truck drivers",2430,"Librarians"
4700,0.0232641374373658,19,"Retail sales supervisors",2540,"Teacher assistants"
9130,0.0536864710093057,1,"Truck drivers",2540,"Teacher assistants"
7200,0.0107372942018611,20,"Automotive service technicians and mechanics",2540,"Teacher assistants"
1020,0.0103793843951324,11,"Software developers",2540,"Teacher assistants"
5240,0.00715819613457409,13,"Customer service representatives",2540,"Teacher assistants"
7340,0.0125268432355047,6,"General maintenance and repair workers",2540,"Teacher assistants"
20,0.0125268432355047,4,"General and operations managers",2540,"Teacher assistants"
5620,0.00608446671438797,8,"Stock clerks and order fillers",2540,"Teacher assistants"
4760,0.0182534001431639,2,"Retail salespersons",2540,"Teacher assistants"
9620,0.0136005726556908,3,"Laborers and hand movers",2540,"Teacher assistants"
4700,0.0215311004784689,19,"Retail sales supervisors",2630,"Designers"
1020,0.0191387559808612,11,"Software developers",2630,"Designers"
7200,0.0087719298245614,20,"Automotive service technicians and mechanics",2630,"Designers"
5240,0.0087719298245614,13,"Customer service representatives",2630,"Designers"
20,0.0167464114832536,4,"General and operations managers",2630,"Designers"
4760,0.0175438596491228,2,"Retail salespersons",2630,"Designers"
9130,0.0191387559808612,1,"Truck drivers",2630,"Designers"
1020,0.0345911949685535,11,"Software developers",2850,"Writers and authors"
1020,0.040590405904059,11,"Software developers",3010,"Dentists"
4700,0.0240601503759399,19,"Retail sales supervisors",3050,"Pharmacists"
1020,0.0270676691729323,11,"Software developers",3050,"Pharmacists"
1020,0.0220841959972395,11,"Software developers",3060,"Physicians and surgeons"
4700,0.0082815734989648,19,"Retail sales supervisors",3060,"Physicians and surgeons"
20,0.00759144237405107,4,"General and operations managers",3060,"Physicians and surgeons"
1020,0.0391459074733096,11,"Software developers",3110,"Physician assistants"
1020,0.0261627906976744,11,"Software developers",3160,"Physical therapists"
4700,0.0159883720930233,19,"Retail sales supervisors",3160,"Physical therapists"
9130,0.0159883720930233,1,"Truck drivers",3160,"Physical therapists"
9130,0.0537634408602151,1,"Truck drivers",3220,"Respiratory therapists"
4700,0.0228310502283105,19,"Retail sales supervisors",3230,"Speech-language pathologists"
1020,0.0167427701674277,11,"Software developers",3230,"Speech-language pathologists"
4700,0.0353260869565217,19,"Retail sales supervisors",3245,"Other therapists"
9130,0.0298913043478261,1,"Truck drivers",3245,"Other therapists"
4700,0.020429694993286,19,"Retail sales supervisors",3255,"Registered nurses"
7200,0.0107423748321504,20,"Automotive service technicians and mechanics",3255,"Registered nurses"
1020,0.00892000767312488,11,"Software developers",3255,"Registered nurses"
5240,0.00680989833109534,13,"Customer service representatives",3255,"Registered nurses"
7340,0.0111260310761558,6,"General maintenance and repair workers",3255,"Registered nurses"
9130,0.0349127182044888,1,"Truck drivers",3255,"Registered nurses"
4720,0.00163053903702283,10,"Cashiers",3255,"Registered nurses"
20,0.0106464607711491,4,"General and operations managers",3255,"Registered nurses"
5620,0.00431613274506043,8,"Stock clerks and order fillers",3255,"Registered nurses"
9620,0.0117974295031652,3,"Laborers and hand movers",3255,"Registered nurses"
4760,0.0136197966621907,2,"Retail salespersons",3255,"Registered nurses"
4700,0.0210526315789474,19,"Retail sales supervisors",3300,"Laboratory technicians"
9130,0.0342105263157895,1,"Truck drivers",3300,"Laboratory technicians"
4700,0.0326460481099656,19,"Retail sales supervisors",3310,"Dental hygienists"
9130,0.0360824742268041,1,"Truck drivers",3310,"Dental hygienists"
4700,0.0241935483870968,19,"Retail sales supervisors",3320,"Diagnostic technicians"
9130,0.0453629032258065,1,"Truck drivers",3320,"Diagnostic technicians"
7340,0.0120967741935484,6,"General maintenance and repair workers",3320,"Diagnostic technicians"
9620,0.0221774193548387,3,"Laborers and hand movers",3320,"Diagnostic technicians"
20,0.0131048387096774,4,"General and operations managers",3320,"Diagnostic technicians"
4760,0.0171370967741935,2,"Retail salespersons",3320,"Diagnostic technicians"
4700,0.0316875460574797,19,"Retail sales supervisors",3420,"Health practitioner support technologists and technicians"
7200,0.0176860722181282,20,"Automotive service technicians and mechanics",3420,"Health practitioner support technologists and technicians"
9130,0.0449521002210759,1,"Truck drivers",3420,"Health practitioner support technologists and technicians"
1020,0.0117907148120855,11,"Software developers",3420,"Health practitioner support technologists and technicians"
5240,0.0103168754605748,13,"Customer service representatives",3420,"Health practitioner support technologists and technicians"
7340,0.0103168754605748,6,"General maintenance and repair workers",3420,"Health practitioner support technologists and technicians"
9620,0.0176860722181282,3,"Laborers and hand movers",3420,"Health practitioner support technologists and technicians"
4760,0.0206337509211496,2,"Retail salespersons",3420,"Health practitioner support technologists and technicians"
20,0.00810611643330877,4,"General and operations managers",3420,"Health practitioner support technologists and technicians"
9130,0.0661157024793388,1,"Truck drivers",3500,"Licensed practical and licensed vocational nurses"
4700,0.0179063360881543,19,"Retail sales supervisors",3500,"Licensed practical and licensed vocational nurses"
7200,0.0151515151515152,20,"Automotive service technicians and mechanics",3500,"Licensed practical and licensed vocational nurses"
5240,0.00872359963269054,13,"Customer service representatives",3500,"Licensed practical and licensed vocational nurses"
9620,0.0243342516069789,3,"Laborers and hand movers",3500,"Licensed practical and licensed vocational nurses"
5620,0.0110192837465565,8,"Stock clerks and order fillers",3500,"Licensed practical and licensed vocational nurses"
7340,0.00918273645546373,6,"General maintenance and repair workers",3500,"Licensed practical and licensed vocational nurses"
20,0.00826446280991736,4,"General and operations managers",3500,"Licensed practical and licensed vocational nurses"
4760,0.0133149678604224,2,"Retail salespersons",3500,"Licensed practical and licensed vocational nurses"
9130,0.0390946502057613,1,"Truck drivers",3510,"Medical records and health information technicians"
9130,0.0794629898403483,1,"Truck drivers",3600,"Nursing, psychiatric, and home health aides"
4700,0.02322206095791,19,"Retail sales supervisors",3600,"Nursing, psychiatric, and home health aides"
7200,0.0148766328011611,20,"Automotive service technicians and mechanics",3600,"Nursing, psychiatric, and home health aides"
9620,0.0330188679245283,3,"Laborers and hand movers",3600,"Nursing, psychiatric, and home health aides"
5240,0.0090711175616836,13,"Customer service representatives",3600,"Nursing, psychiatric, and home health aides"
7340,0.0134252539912917,6,"General maintenance and repair workers",3600,"Nursing, psychiatric, and home health aides"
5620,0.012699564586357,8,"Stock clerks and order fillers",3600,"Nursing, psychiatric, and home health aides"
20,0.00798258345428157,4,"General and operations managers",3600,"Nursing, psychiatric, and home health aides"
4760,0.0130624092888244,2,"Retail salespersons",3600,"Nursing, psychiatric, and home health aides"
9130,0.0574162679425837,1,"Truck drivers",3620,"Physical therapist assistants and aides"
7200,0.0181200453001133,20,"Automotive service technicians and mechanics",3640,"Dental assistants"
4700,0.0135900339750849,19,"Retail sales supervisors",3640,"Dental assistants"
9130,0.0453001132502831,1,"Truck drivers",3640,"Dental assistants"
9620,0.0215175537938845,3,"Laborers and hand movers",3640,"Dental assistants"
4760,0.0203850509626274,2,"Retail salespersons",3640,"Dental assistants"
4700,0.0281469898358092,19,"Retail sales supervisors",3645,"Medical assistants"
9130,0.0578577013291634,1,"Truck drivers",3645,"Medical assistants"
7200,0.016419077404222,20,"Automotive service technicians and mechanics",3645,"Medical assistants"
5240,0.0109460516028147,13,"Customer service representatives",3645,"Medical assistants"
9620,0.0226739640344019,3,"Laborers and hand movers",3645,"Medical assistants"
20,0.00860046911649726,4,"General and operations managers",3645,"Medical assistants"
4760,0.019546520719312,2,"Retail salespersons",3645,"Medical assistants"
9130,0.0807174887892377,1,"Truck drivers",3649,"Phlebotomists"
9130,0.0566037735849057,1,"Truck drivers",3800,"Bailiffs, correctional officers, and jailers"
9130,0.0522875816993464,1,"Truck drivers",3850,"Police officers"
9130,0.0671641791044776,1,"Truck drivers",3930,"Security guards"
9130,0.0664335664335664,1,"Truck drivers",4010,"Food preparation supervisors"
4700,0.027972027972028,19,"Retail sales supervisors",4010,"Food preparation supervisors"
9130,0.0902198635329795,1,"Truck drivers",4020,"Cooks"
7200,0.0181956027293404,20,"Automotive service technicians and mechanics",4020,"Cooks"
4700,0.0174374526156179,19,"Retail sales supervisors",4020,"Cooks"
9620,0.0288097043214556,3,"Laborers and hand movers",4020,"Cooks"
7340,0.0113722517058378,6,"General maintenance and repair workers",4020,"Cooks"
4760,0.0106141015921152,2,"Retail salespersons",4020,"Cooks"
9130,0.0554323725055432,1,"Truck drivers",4030,"Food preparation workers"
9130,0.110552763819095,1,"Truck drivers",4050,"Food preparation and serving workers"
4700,0.0180851063829787,19,"Retail sales supervisors",4110,"Waiters and waitresses"
7200,0.0170212765957447,20,"Automotive service technicians and mechanics",4110,"Waiters and waitresses"
9130,0.048936170212766,1,"Truck drivers",4110,"Waiters and waitresses"
5620,0.0117021276595745,8,"Stock clerks and order fillers",4110,"Waiters and waitresses"
7340,0.0117021276595745,6,"General maintenance and repair workers",4110,"Waiters and waitresses"
9620,0.0191489361702128,3,"Laborers and hand movers",4110,"Waiters and waitresses"
9130,0.0921985815602837,1,"Truck drivers",4120,"Nonrestaurant food servers"
9130,0.0612244897959184,1,"Truck drivers",4200,"Housekeeping and janitorial supervisors"
9130,0.0643985419198056,1,"Truck drivers",4230,"Maids and housekeepers"
7200,0.0164034021871203,20,"Automotive service technicians and mechanics",4230,"Maids and housekeepers"
4700,0.0145808019441069,19,"Retail sales supervisors",4230,"Maids and housekeepers"
7340,0.0212636695018226,6,"General maintenance and repair workers",4230,"Maids and housekeepers"
9620,0.0261239368165249,3,"Laborers and hand movers",4230,"Maids and housekeepers"
5620,0.00789793438639125,8,"Stock clerks and order fillers",4230,"Maids and housekeepers"
4760,0.0103280680437424,2,"Retail salespersons",4230,"Maids and housekeepers"
9130,0.0530612244897959,1,"Truck drivers",4350,"Nonfarm animal caretakers"
4700,0.0206003531489111,19,"Retail sales supervisors",4510,"Hairdressers"
9130,0.0512065921130077,1,"Truck drivers",4510,"Hairdressers"
7200,0.0153031194820483,20,"Automotive service technicians and mechanics",4510,"Hairdressers"
7340,0.0105944673337257,6,"General maintenance and repair workers",4510,"Hairdressers"
20,0.012948793407887,4,"General and operations managers",4510,"Hairdressers"
9620,0.0158917010005886,3,"Laborers and hand movers",4510,"Hairdressers"
4760,0.0182460270747499,2,"Retail salespersons",4510,"Hairdressers"
4700,0.0302491103202847,19,"Retail sales supervisors",4520,"Miscellaneous personal appearance workers"
1020,0.0213523131672598,11,"Software developers",4520,"Miscellaneous personal appearance workers"
9130,0.0320284697508897,1,"Truck drivers",4520,"Miscellaneous personal appearance workers"
9130,0.0686436024162548,1,"Truck drivers",4600,"Childcare workers"
4700,0.0236133992311917,19,"Retail sales supervisors",4600,"Childcare workers"
7200,0.0131795716639209,20,"Automotive service technicians and mechanics",4600,"Childcare workers"
1020,0.00933552992861065,11,"Software developers",4600,"Childcare workers"
7340,0.0104338275672707,6,"General maintenance and repair workers",4600,"Childcare workers"
5620,0.00823723228995058,8,"Stock clerks and order fillers",4600,"Childcare workers"
9620,0.0170236133992312,3,"Laborers and hand movers",4600,"Childcare workers"
20,0.00768808347062054,4,"General and operations managers",4600,"Childcare workers"
4760,0.014827018121911,2,"Retail salespersons",4600,"Childcare workers"
9130,0.0836751435602953,1,"Truck drivers",4610,"Personal care aides"
4700,0.0254306808859721,19,"Retail sales supervisors",4610,"Personal care aides"
7200,0.00902378999179656,20,"Automotive service technicians and mechanics",4610,"Personal care aides"
9620,0.0278917145200984,3,"Laborers and hand movers",4610,"Personal care aides"
5620,0.0106644790812141,8,"Stock clerks and order fillers",4610,"Personal care aides"
7340,0.0106644790812141,6,"General maintenance and repair workers",4610,"Personal care aides"
4760,0.0131255127153404,2,"Retail salespersons",4610,"Personal care aides"
9130,0.045,1,"Truck drivers",4620,"Recreation and fitness workers"
4700,0.119979792876989,19,"Retail sales supervisors",4700,"Retail sales supervisors"
9130,0.0512755746400606,1,"Truck drivers",4700,"Retail sales supervisors"
7200,0.0123768628441526,20,"Automotive service technicians and mechanics",4700,"Retail sales supervisors"
5240,0.0111139176559737,13,"Customer service representatives",4700,"Retail sales supervisors"
7340,0.0121242738065168,6,"General maintenance and repair workers",4700,"Retail sales supervisors"
1020,0.0060621369032584,11,"Software developers",4700,"Retail sales supervisors"
5620,0.010861328618338,8,"Stock clerks and order fillers",4700,"Retail sales supervisors"
9620,0.0209648901237686,3,"Laborers and hand movers",4700,"Retail sales supervisors"
4720,0.00353624652690073,10,"Cashiers",4700,"Retail sales supervisors"
20,0.0090932053548876,4,"General and operations managers",4700,"Retail sales supervisors"
4760,0.0207123010861329,2,"Retail salespersons",4700,"Retail sales supervisors"
4700,0.0303867403314917,19,"Retail sales supervisors",4710,"Non-retail sales supervisors"
5240,0.0103591160220994,13,"Customer service representatives",4710,"Non-retail sales supervisors"
20,0.0193370165745856,4,"General and operations managers",4710,"Non-retail sales supervisors"
1020,0.00828729281767956,11,"Software developers",4710,"Non-retail sales supervisors"
9620,0.0138121546961326,3,"Laborers and hand movers",4710,"Non-retail sales supervisors"
4760,0.0158839779005525,2,"Retail salespersons",4710,"Non-retail sales supervisors"
9130,0.0207182320441989,1,"Truck drivers",4710,"Non-retail sales supervisors"
4700,0.0508670520231214,19,"Retail sales supervisors",4720,"Cashiers"
9130,0.069364161849711,1,"Truck drivers",4720,"Cashiers"
4720,0.0213872832369942,10,"Cashiers",4720,"Cashiers"
7200,0.0132947976878613,20,"Automotive service technicians and mechanics",4720,"Cashiers"
5620,0.0138728323699422,8,"Stock clerks and order fillers",4720,"Cashiers"
9620,0.0265895953757225,3,"Laborers and hand movers",4720,"Cashiers"
5240,0.00635838150289017,13,"Customer service representatives",4720,"Cashiers"
7340,0.0092485549132948,6,"General maintenance and repair workers",4720,"Cashiers"
20,0.00982658959537572,4,"General and operations managers",4720,"Cashiers"
4760,0.0208092485549133,2,"Retail salespersons",4720,"Cashiers"
4700,0.0546837850689491,19,"Retail sales supervisors",4760,"Retail salespersons"
4760,0.0641940085592011,2,"Retail salespersons",4760,"Retail salespersons"
7200,0.0175939134569662,20,"Automotive service technicians and mechanics",4760,"Retail salespersons"
9130,0.0451735615786971,1,"Truck drivers",4760,"Retail salespersons"
5240,0.00855920114122682,13,"Customer service representatives",4760,"Retail salespersons"
5620,0.00903471231573942,8,"Stock clerks and order fillers",4760,"Retail salespersons"
7340,0.00760817879220162,6,"General maintenance and repair workers",4760,"Retail salespersons"
20,0.0109367570137898,4,"General and operations managers",4760,"Retail salespersons"
9620,0.0175939134569662,3,"Laborers and hand movers",4760,"Retail salespersons"
7200,0.01953125,20,"Automotive service technicians and mechanics",4810,"Insurance sales agents"
4700,0.01953125,19,"Retail sales supervisors",4810,"Insurance sales agents"
9130,0.048828125,1,"Truck drivers",4810,"Insurance sales agents"
7340,0.0107421875,6,"General maintenance and repair workers",4810,"Insurance sales agents"
20,0.01171875,4,"General and operations managers",4810,"Insurance sales agents"
4760,0.017578125,2,"Retail salespersons",4810,"Insurance sales agents"
9620,0.01171875,3,"Laborers and hand movers",4810,"Insurance sales agents"
4700,0.0306278713629403,19,"Retail sales supervisors",4840,"Services sales representatives"
4760,0.0306278713629403,2,"Retail salespersons",4840,"Services sales representatives"
20,0.0168453292496172,4,"General and operations managers",4840,"Services sales representatives"
9130,0.0199081163859112,1,"Truck drivers",4840,"Services sales representatives"
4700,0.0293715846994536,19,"Retail sales supervisors",4850,"Wholesale sales representatives"
1020,0.0102459016393443,11,"Software developers",4850,"Wholesale sales representatives"
20,0.0157103825136612,4,"General and operations managers",4850,"Wholesale sales representatives"
7340,0.0102459016393443,6,"General maintenance and repair workers",4850,"Wholesale sales representatives"
4760,0.0239071038251366,2,"Retail salespersons",4850,"Wholesale sales representatives"
9130,0.0259562841530055,1,"Truck drivers",4850,"Wholesale sales representatives"
9620,0.00887978142076503,3,"Laborers and hand movers",4850,"Wholesale sales representatives"
4700,0.0144230769230769,19,"Retail sales supervisors",4920,"Real estate agents"
1020,0.0120192307692308,11,"Software developers",4920,"Real estate agents"
20,0.016025641025641,4,"General and operations managers",4920,"Real estate agents"
4760,0.0240384615384615,2,"Retail salespersons",4920,"Real estate agents"
9130,0.0248397435897436,1,"Truck drivers",4920,"Real estate agents"
4700,0.0279180279180279,19,"Retail sales supervisors",5000,"Office and administrative support supervisors"
9130,0.0534600534600535,1,"Truck drivers",5000,"Office and administrative support supervisors"
7200,0.010989010989011,20,"Automotive service technicians and mechanics",5000,"Office and administrative support supervisors"
1020,0.00831600831600832,11,"Software developers",5000,"Office and administrative support supervisors"
5240,0.00653400653400653,13,"Customer service representatives",5000,"Office and administrative support supervisors"
7340,0.0112860112860113,6,"General maintenance and repair workers",5000,"Office and administrative support supervisors"
5620,0.00653400653400653,8,"Stock clerks and order fillers",5000,"Office and administrative support supervisors"
20,0.0112860112860113,4,"General and operations managers",5000,"Office and administrative support supervisors"
9620,0.0118800118800119,3,"Laborers and hand movers",5000,"Office and administrative support supervisors"
4760,0.0151470151470151,2,"Retail salespersons",5000,"Office and administrative support supervisors"
9130,0.0801282051282051,1,"Truck drivers",5100,"Bill and account collectors"
4700,0.0384615384615385,19,"Retail sales supervisors",5100,"Bill and account collectors"
4700,0.0319945541184479,19,"Retail sales supervisors",5110,"Billing and posting clerks "
9130,0.0633083730428863,1,"Truck drivers",5110,"Billing and posting clerks "
7200,0.0170183798502383,20,"Automotive service technicians and mechanics",5110,"Billing and posting clerks "
5240,0.0129339686861811,13,"Customer service representatives",5110,"Billing and posting clerks "
7340,0.0122532334921715,6,"General maintenance and repair workers",5110,"Billing and posting clerks "
5620,0.00816882232811436,8,"Stock clerks and order fillers",5110,"Billing and posting clerks "
9620,0.0176991150442478,3,"Laborers and hand movers",5110,"Billing and posting clerks "
20,0.00953029271613342,4,"General and operations managers",5110,"Billing and posting clerks "
4760,0.0190605854322668,2,"Retail salespersons",5110,"Billing and posting clerks "
4700,0.0357805459846276,19,"Retail sales supervisors",5120,"Bookkeeping, accounting, and auditing clerks"
9130,0.0540683805989928,1,"Truck drivers",5120,"Bookkeeping, accounting, and auditing clerks"
7200,0.0124569308242778,20,"Automotive service technicians and mechanics",5120,"Bookkeeping, accounting, and auditing clerks"
5240,0.0087463556851312,13,"Customer service representatives",5120,"Bookkeeping, accounting, and auditing clerks"
1020,0.00742115027829314,11,"Software developers",5120,"Bookkeeping, accounting, and auditing clerks"
20,0.0153723827193215,4,"General and operations managers",5120,"Bookkeeping, accounting, and auditing clerks"
7340,0.0100715610919693,6,"General maintenance and repair workers",5120,"Bookkeeping, accounting, and auditing clerks"
4720,0.00318049297641134,10,"Cashiers",5120,"Bookkeeping, accounting, and auditing clerks"
5620,0.00583090379008746,8,"Stock clerks and order fillers",5120,"Bookkeeping, accounting, and auditing clerks"
4760,0.0182878346143652,2,"Retail salespersons",5120,"Bookkeeping, accounting, and auditing clerks"
9620,0.0121918897429102,3,"Laborers and hand movers",5120,"Bookkeeping, accounting, and auditing clerks"
4700,0.0292504570383912,19,"Retail sales supervisors",5140,"Payroll and timekeeping clerks"
9130,0.0475319926873857,1,"Truck drivers",5140,"Payroll and timekeeping clerks"
9130,0.0693703308431163,1,"Truck drivers",5160,"Tellers"
4700,0.0309498399146211,19,"Retail sales supervisors",5160,"Tellers"
7200,0.0149413020277481,20,"Automotive service technicians and mechanics",5160,"Tellers"
9620,0.0266808964781217,3,"Laborers and hand movers",5160,"Tellers"
4760,0.0234791889007471,2,"Retail salespersons",5160,"Tellers"
4700,0.0521327014218009,19,"Retail sales supervisors",5220,"Court, municipal, and license clerks"
4700,0.0310288513881328,19,"Retail sales supervisors",5240,"Customer service representatives"
5240,0.0266739248775177,13,"Customer service representatives",5240,"Customer service representatives"
9130,0.0517147523135547,1,"Truck drivers",5240,"Customer service representatives"
7200,0.012792596624932,20,"Automotive service technicians and mechanics",5240,"Customer service representatives"
1020,0.00898203592814371,11,"Software developers",5240,"Customer service representatives"
7340,0.0122482308111051,6,"General maintenance and repair workers",5240,"Customer service representatives"
5620,0.00843767011431682,8,"Stock clerks and order fillers",5240,"Customer service representatives"
9620,0.0209580838323353,3,"Laborers and hand movers",5240,"Customer service representatives"
4720,0.00326619488296135,10,"Cashiers",5240,"Customer service representatives"
20,0.0117038649972782,4,"General and operations managers",5240,"Customer service representatives"
4760,0.0157866086009799,2,"Retail salespersons",5240,"Customer service representatives"
9130,0.0700934579439252,1,"Truck drivers",5250,"Eligibility interviewers"
9130,0.0503875968992248,1,"Truck drivers",5260,"File clerks"
9130,0.0628019323671498,1,"Truck drivers",5310,"Interviewers"
9130,0.0677083333333333,1,"Truck drivers",5330,"Loan interviewers and clerks"
4760,0.0338541666666667,2,"Retail salespersons",5330,"Loan interviewers and clerks"
9130,0.0718954248366013,1,"Truck drivers",5360,"Human resources assistants"
4700,0.0307767464582316,19,"Retail sales supervisors",5400,"Receptionists and information clerks"
9130,0.0605764533463605,1,"Truck drivers",5400,"Receptionists and information clerks"
7200,0.0156326331216414,20,"Automotive service technicians and mechanics",5400,"Receptionists and information clerks"
5240,0.00830483634587201,13,"Customer service representatives",5400,"Receptionists and information clerks"
7340,0.0127015144113337,6,"General maintenance and repair workers",5400,"Receptionists and information clerks"
9620,0.0219833903273083,3,"Laborers and hand movers",5400,"Receptionists and information clerks"
5620,0.00781631656082071,8,"Stock clerks and order fillers",5400,"Receptionists and information clerks"
20,0.0087933561309233,4,"General and operations managers",5400,"Receptionists and information clerks"
4760,0.0127015144113337,2,"Retail salespersons",5400,"Receptionists and information clerks"
9130,0.053125,1,"Truck drivers",5420,"Other information and record clerks"
9130,0.107221006564551,1,"Truck drivers",5520,"Dispatchers"
9130,0.0756880733944954,1,"Truck drivers",5550,"Mail carriers"
4700,0.0196374622356495,19,"Retail sales supervisors",5600,"Production, planning, and expediting clerks"
9130,0.0513595166163142,1,"Truck drivers",5600,"Production, planning, and expediting clerks"
4760,0.0166163141993958,2,"Retail salespersons",5600,"Production, planning, and expediting clerks"
9130,0.0718954248366013,1,"Truck drivers",5610,"Shipping, receiving, and traffic clerks"
4700,0.0261437908496732,19,"Retail sales supervisors",5610,"Shipping, receiving, and traffic clerks"
9620,0.028322440087146,3,"Laborers and hand movers",5610,"Shipping, receiving, and traffic clerks"
9130,0.0687772925764192,1,"Truck drivers",5620,"Stock clerks and order fillers"
4700,0.0294759825327511,19,"Retail sales supervisors",5620,"Stock clerks and order fillers"
5620,0.0327510917030568,8,"Stock clerks and order fillers",5620,"Stock clerks and order fillers"
7200,0.0120087336244541,20,"Automotive service technicians and mechanics",5620,"Stock clerks and order fillers"
9620,0.0316593886462882,3,"Laborers and hand movers",5620,"Stock clerks and order fillers"
7340,0.0141921397379913,6,"General maintenance and repair workers",5620,"Stock clerks and order fillers"
4760,0.0152838427947598,2,"Retail salespersons",5620,"Stock clerks and order fillers"
4700,0.0252952582407897,19,"Retail sales supervisors",5700,"Secretaries and administrative assistants"
9130,0.0491803278688525,1,"Truck drivers",5700,"Secretaries and administrative assistants"
7200,0.0135730653974969,20,"Automotive service technicians and mechanics",5700,"Secretaries and administrative assistants"
5240,0.0071390798519302,13,"Customer service representatives",5700,"Secretaries and administrative assistants"
1020,0.00669839591045302,11,"Software developers",5700,"Secretaries and administrative assistants"
7340,0.010135730653975,6,"General maintenance and repair workers",5700,"Secretaries and administrative assistants"
20,0.0111933721135202,4,"General and operations managers",5700,"Secretaries and administrative assistants"
5620,0.00581702802749868,8,"Stock clerks and order fillers",5700,"Secretaries and administrative assistants"
4720,0.00105764145954521,10,"Cashiers",5700,"Secretaries and administrative assistants"
9620,0.014190022915565,3,"Laborers and hand movers",5700,"Secretaries and administrative assistants"
4760,0.0156883483165873,2,"Retail salespersons",5700,"Secretaries and administrative assistants"
4700,0.0198150594451783,19,"Retail sales supervisors",5810,"Data entry keyers"
9130,0.0528401585204756,1,"Truck drivers",5810,"Data entry keyers"
9620,0.0317040951122853,3,"Laborers and hand movers",5810,"Data entry keyers"
5620,0.0171730515191546,8,"Stock clerks and order fillers",5810,"Data entry keyers"
7340,0.0171730515191546,6,"General maintenance and repair workers",5810,"Data entry keyers"
4760,0.0184940554821664,2,"Retail salespersons",5810,"Data entry keyers"
9130,0.0580204778156997,1,"Truck drivers",5820,"Word processors and typists"
4700,0.0227531285551763,19,"Retail sales supervisors",5820,"Word processors and typists"
7340,0.0136518771331058,6,"General maintenance and repair workers",5820,"Word processors and typists"
9620,0.0238907849829352,3,"Laborers and hand movers",5820,"Word processors and typists"
4760,0.0193401592718999,2,"Retail salespersons",5820,"Word processors and typists"
4700,0.0271055179090029,19,"Retail sales supervisors",5840,"Insurance claims and policy processing clerks"
9130,0.0522749273959342,1,"Truck drivers",5840,"Insurance claims and policy processing clerks"
5240,0.0183930300096805,13,"Customer service representatives",5840,"Insurance claims and policy processing clerks"
7200,0.0116166505324298,20,"Automotive service technicians and mechanics",5840,"Insurance claims and policy processing clerks"
9620,0.0145208131655373,3,"Laborers and hand movers",5840,"Insurance claims and policy processing clerks"
4760,0.0145208131655373,2,"Retail salespersons",5840,"Insurance claims and policy processing clerks"
4700,0.0285818981311836,19,"Retail sales supervisors",5860,"General office clerks"
9130,0.0549651887138146,1,"Truck drivers",5860,"General office clerks"
7200,0.0117259069256138,20,"Automotive service technicians and mechanics",5860,"General office clerks"
5240,0.00769512641993404,13,"Customer service representatives",5860,"General office clerks"
7340,0.0124587761084646,6,"General maintenance and repair workers",5860,"General office clerks"
1020,0.00622938805423232,11,"Software developers",5860,"General office clerks"
9620,0.0205203371198241,3,"Laborers and hand movers",5860,"General office clerks"
5620,0.00659582264565775,8,"Stock clerks and order fillers",5860,"General office clerks"
20,0.00769512641993404,4,"General and operations managers",5860,"General office clerks"
4760,0.0161231220227189,2,"Retail salespersons",5860,"General office clerks"
4700,0.0207439198855508,19,"Retail sales supervisors",5940,"Miscellaneous office and administrative support workers"
7200,0.0100143061516452,20,"Automotive service technicians and mechanics",5940,"Miscellaneous office and administrative support workers"
9130,0.0386266094420601,1,"Truck drivers",5940,"Miscellaneous office and administrative support workers"
5240,0.00858369098712446,13,"Customer service representatives",5940,"Miscellaneous office and administrative support workers"
7340,0.00858369098712446,6,"General maintenance and repair workers",5940,"Miscellaneous office and administrative support workers"
4760,0.0236051502145923,2,"Retail salespersons",5940,"Miscellaneous office and administrative support workers"
20,0.0107296137339056,4,"General and operations managers",5940,"Miscellaneous office and administrative support workers"
9620,0.0143061516452074,3,"Laborers and hand movers",5940,"Miscellaneous office and administrative support workers"
9130,0.0351437699680511,1,"Truck drivers",6050,"Miscellaneous agricultural workers"
9130,0.0662251655629139,1,"Truck drivers",7700,"Production supervisors"
4700,0.0182119205298013,19,"Retail sales supervisors",7700,"Production supervisors"
9620,0.0264900662251656,3,"Laborers and hand movers",7700,"Production supervisors"
9130,0.0773361976369495,1,"Truck drivers",7750,"Miscellaneous assemblers and fabricators"
4700,0.0225563909774436,19,"Retail sales supervisors",7750,"Miscellaneous assemblers and fabricators"
7200,0.0150375939849624,20,"Automotive service technicians and mechanics",7750,"Miscellaneous assemblers and fabricators"
9620,0.0300751879699248,3,"Laborers and hand movers",7750,"Miscellaneous assemblers and fabricators"
7340,0.0128893662728249,6,"General maintenance and repair workers",7750,"Miscellaneous assemblers and fabricators"
5620,0.0118152524167562,8,"Stock clerks and order fillers",7750,"Miscellaneous assemblers and fabricators"
9130,0.0720720720720721,1,"Truck drivers",7800,"Bakers"
9130,0.0546218487394958,1,"Truck drivers",8220,"Miscellaneous metal and plastic workers"
9130,0.0722222222222222,1,"Truck drivers",8300,"Laundry and dry-cleaning workers"
9130,0.0645161290322581,1,"Truck drivers",8320,"Sewing machine operators"
7200,0.0194174757281553,20,"Automotive service technicians and mechanics",8740,"Inspectors, testers, sorters, samplers, and weighers"
9130,0.0509708737864078,1,"Truck drivers",8740,"Inspectors, testers, sorters, samplers, and weighers"
4700,0.0145631067961165,19,"Retail sales supervisors",8740,"Inspectors, testers, sorters, samplers, and weighers"
9620,0.0242718446601942,3,"Laborers and hand movers",8740,"Inspectors, testers, sorters, samplers, and weighers"
4760,0.0133495145631068,2,"Retail salespersons",8740,"Inspectors, testers, sorters, samplers, and weighers"
9130,0.0965732087227414,1,"Truck drivers",8800,"Packaging and filling machine operators and tenders"
9620,0.0529595015576324,3,"Laborers and hand movers",8800,"Packaging and filling machine operators and tenders"
9130,0.0880829015544041,1,"Truck drivers",8965,"Miscellaneous production workers"
7200,0.0181347150259067,20,"Automotive service technicians and mechanics",8965,"Miscellaneous production workers"
9620,0.0233160621761658,3,"Laborers and hand movers",8965,"Miscellaneous production workers"
9130,0.082089552238806,1,"Truck drivers",9000,"Transportation supervisors"
9130,0.12007874015748,1,"Truck drivers",9120,"Bus drivers"
7200,0.0255905511811024,20,"Automotive service technicians and mechanics",9120,"Bus drivers"
9620,0.0334645669291339,3,"Laborers and hand movers",9120,"Bus drivers"
9130,0.386018237082067,1,"Truck drivers",9130,"Truck drivers"
9620,0.13506139154161,3,"Laborers and hand movers",9620,"Laborers and hand movers"
9130,0.0723055934515689,1,"Truck drivers",9620,"Laborers and hand movers"
4700,0.0190995907230559,19,"Retail sales supervisors",9620,"Laborers and hand movers"
7200,0.0150068212824011,20,"Automotive service technicians and mechanics",9620,"Laborers and hand movers"
7340,0.0177353342428377,6,"General maintenance and repair workers",9620,"Laborers and hand movers"
9130,0.0857142857142857,1,"Truck drivers",9640,"Hand packers"
9620,0.0417582417582418,3,"Laborers and hand movers",9640,"Hand packers"
